Date,Move Minutes count,Calories (kcal),Distance (m),Heart Points,Heart Minutes,Average heart rate (bpm),Max heart rate (bpm),Min heart rate (bpm),Low latitude (deg),Low longitude (deg),High latitude (deg),High longitude (deg),Average speed (m/s),Max speed (m/s),Min speed (m/s),Step count,Average weight (kg),Max weight (kg),Min weight (kg),Biking duration (ms),Walking duration (ms),Running duration (ms),Month,Year_Month
2021-09-16,7.0,41.903858691453934,425.3247909545898,3.0,3.0,0.0,0.0,0.0,0.0,0.0,0.0,0.0,1.099972067857382,1.2026036977767944,0.8884174227714539,643.0,0.0,0.0,0.0,0.0,446407.0,0.0,September,2021-09
2021-09-22,2.0,0.0,45.950286865234375,0.0,0.0,0.0,0.0,0.0,0.0,0.0,0.0,0.0,0.6313192248344421,0.6313192248344421,0.6313192248344421,86.0,0.0,0.0,0.0,0.0,0.0,0.0,September,2021-09
2025-03-07,0.0,1028.2838928138017,0.0,0.0,0.0,0.0,0.0,0.0,0.0,0.0,0.0,0.0,0.0,0.0,0.0,0.0,0.0,0.0,0.0,0.0,0.0,0.0,March,2025-03
2025-03-08,0.0,1589.4999850988388,0.0,0.0,0.0,0.0,0.0,0.0,0.0,0.0,0.0,0.0,0.0,0.0,0.0,0.0,0.0,0.0,0.0,0.0,0.0,0.0,March,2025-03
2025-03-09,39.0,1668.7490253988,2471.957809938412,16.0,16.0,0.0,0.0,0.0,0.0,0.0,0.0,0.0,0.4043993497144535,1.6217726427583246,0.2544226951384902,3232.0,63.0,63.0,63.0,0.0,1409719.0,101347.0,March,2025-03
2025-03-10,78.0,1780.2126491511897,5588.999129667935,40.0,38.0,0.0,0.0,0.0,0.0,0.0,0.0,0.0,0.5692225576201606,3.119293890211181,0.2495368597581307,7000.0,0.0,0.0,0.0,0.0,3214278.0,240160.0,March,2025-03
2025-03-11,65.0,1792.5576569939792,4894.932784911668,34.0,32.0,0.0,0.0,0.0,0.0,0.0,0.0,0.0,0.6514778513901046,3.133387186662996,0.2786534280088226,5924.0,0.0,0.0,0.0,0.0,3337514.0,305202.0,March,2025-03
2025-03-12,69.0,1779.0427720714752,5408.58437189915,41.0,40.0,0.0,0.0,0.0,0.0,0.0,0.0,0.0,0.7116047817481426,2.5638420667800217,0.2786534280088226,6773.0,0.0,0.0,0.0,0.0,3732150.0,88745.0,March,2025-03
2025-03-13,34.0,1716.0068755668474,3185.494056618592,31.0,28.0,0.0,0.0,0.0,0.0,0.0,0.0,0.0,0.467603548190919,3.0398007469163377,0.2786534280088226,3712.0,0.0,0.0,0.0,0.0,1879317.0,205494.0,March,2025-03
2025-03-14,91.0,1865.604639626592,6910.905563615528,46.0,46.0,0.0,0.0,0.0,0.0,0.0,0.0,0.0,0.6565786516873208,1.6469346022826137,0.2665380615736564,8958.0,0.0,0.0,0.0,0.0,5739863.0,0.0,March,2025-03
2025-03-15,15.0,1638.0411648434783,1182.5618630166732,6.0,6.0,0.0,0.0,0.0,0.0,0.0,0.0,0.0,0.5022574316293285,1.5630718914532815,0.2665380615736564,1515.0,0.0,0.0,0.0,0.0,1009109.0,0.0,March,2025-03
2025-03-16,15.0,1607.7949209355734,927.1208758067518,0.0,0.0,0.0,0.0,0.0,0.0,0.0,0.0,0.0,0.6243486011553998,1.31395762254555,0.2544226951384902,1398.0,0.0,0.0,0.0,0.0,380328.0,0.0,March,2025-03
2025-03-17,75.0,1790.9067420957997,4113.843329287926,8.0,8.0,0.0,0.0,0.0,0.0,0.0,0.0,0.0,0.5789804358752475,2.298052688229265,0.2665380615736564,5529.0,0.0,0.0,0.0,0.0,3359854.0,352562.0,March,2025-03
2025-03-18,66.0,1794.1230279432757,4632.4171430835095,34.0,34.0,0.0,0.0,0.0,0.0,0.0,0.0,0.0,0.5573643267687435,1.7826344701402552,0.2786534280088226,5820.0,0.0,0.0,0.0,0.0,2624922.0,688970.0,March,2025-03
2025-03-19,73.0,1779.0030313237833,5099.226316011592,40.0,40.0,0.0,0.0,0.0,0.0,0.0,0.0,0.0,0.4798103187786766,1.6979683486677193,0.2582733154783492,6584.0,0.0,0.0,0.0,0.0,2808678.0,482018.0,March,2025-03
2025-03-20,44.0,1710.8165920600582,3114.5437381156285,20.0,20.0,0.0,0.0,0.0,0.0,0.0,0.0,0.0,0.4052865207577893,1.402892244445664,0.2665380615736564,4045.0,0.0,0.0,0.0,0.0,2522018.0,0.0,March,2025-03
2025-03-21,23.0,1638.2227609796155,1504.460167229145,2.0,2.0,0.0,0.0,0.0,0.0,0.0,0.0,0.0,0.6256526282912633,1.462206228919232,0.2477480653224458,1981.0,0.0,0.0,0.0,0.0,1012885.0,0.0,March,2025-03
2025-03-22,17.0,1606.0829203643136,768.9823470797556,0.0,0.0,0.0,0.0,0.0,0.0,0.0,0.0,0.0,0.7381630987642345,1.373468109662593,0.2544226951384902,1068.0,0.0,0.0,0.0,0.0,344738.0,0.0,March,2025-03
2025-03-23,46.0,1625.4590420239074,2557.9428594828883,0.0,0.0,0.0,0.0,0.0,0.0,0.0,0.0,0.0,0.4194673711960694,1.373106353139696,0.2544226951384902,3601.0,0.0,0.0,0.0,0.0,747543.0,0.0,March,2025-03
2025-03-24,25.0,1644.2357741920775,1315.0497879771951,0.0,0.0,0.0,0.0,0.0,0.0,0.0,0.0,0.0,0.4322273774507473,1.857569914676097,0.2544226951384902,1989.0,0.0,0.0,0.0,0.0,1137887.0,0.0,March,2025-03
2025-03-25,20.0,1603.0579155539533,1050.0222015985596,1.0,1.0,0.0,0.0,0.0,0.0,0.0,0.0,0.0,0.4812410385224349,1.5192958379085812,0.2642831287474787,1589.0,0.0,0.0,0.0,0.0,120670.0,68703.0,March,2025-03
2025-03-26,31.0,1621.9091590712558,1082.3332978732988,0.0,0.0,0.0,0.0,0.0,0.0,0.0,0.0,0.0,0.4913372842566184,1.227122870304128,0.264731657323683,1709.0,0.0,0.0,0.0,0.0,673745.0,0.0,March,2025-03
2025-03-27,69.0,1774.1544352624946,3973.879162003939,6.0,6.0,0.0,0.0,0.0,0.0,0.0,0.0,0.0,0.6935356490530572,1.9547159008056607,0.2786534280088226,5232.0,0.0,0.0,0.0,0.0,2471186.0,582909.0,March,2025-03
2025-03-28,30.0,1661.9597828936376,1746.5276430500771,1.0,1.0,0.0,0.0,0.0,0.0,0.0,0.0,0.0,0.8801880008593099,1.3146960508543797,0.2753492206354965,2503.0,0.0,0.0,0.0,0.0,1506347.0,0.0,March,2025-03
2025-03-29,73.0,1695.1442430868535,3269.9601593081493,1.0,1.0,0.0,0.0,0.0,0.0,0.0,0.0,0.0,0.5399230562486362,1.5359478754227167,0.2544226951384902,4707.0,0.0,0.0,0.0,0.0,2196209.0,0.0,March,2025-03
2025-03-30,88.0,1846.4517855268205,5158.261424359073,13.0,13.0,0.0,0.0,0.0,0.0,0.0,0.0,0.0,0.5086640047220531,1.7783015078659674,0.2544226951384902,6968.0,0.0,0.0,0.0,0.0,5341701.0,0.0,March,2025-03
2025-03-31,9.0,1611.9228661821378,525.9758874625579,0.0,0.0,0.0,0.0,0.0,0.0,0.0,0.0,0.0,0.5777951305765235,1.5638343953875415,0.2786534280088226,765.0,0.0,0.0,0.0,0.0,466143.0,0.0,March,2025-03
2025-04-01,18.0,1632.6914279953378,1092.5020976464143,0.0,0.0,0.0,0.0,0.0,0.0,0.0,0.0,0.0,0.4248889643038117,1.4595563957504254,0.2544226951384902,2211.0,0.0,0.0,0.0,0.0,897895.0,0.0,April,2025-04
2025-04-02,131.0,1915.9005330563311,7636.651420365711,32.0,32.0,0.0,0.0,0.0,0.0,0.0,0.0,0.0,0.6179485700905627,2.0722323724872727,0.2544226951384902,10266.0,0.0,0.0,0.0,0.0,6781877.0,0.0,April,2025-04
2025-04-03,111.0,1908.3626697624668,7146.550164188368,29.0,29.0,0.0,0.0,0.0,0.0,0.0,0.0,0.0,0.7847427387548355,1.7690101129584253,0.2429817328939403,9461.0,0.0,0.0,0.0,0.0,6628748.0,0.0,April,2025-04
2025-04-04,117.0,1827.251764604512,6503.8004641492935,16.0,16.0,0.0,0.0,0.0,0.0,0.0,0.0,0.0,0.651225572533908,1.6233521471606156,0.3149995273143212,8730.0,0.0,0.0,0.0,0.0,4939185.0,0.0,April,2025-04
2025-04-05,126.0,1905.797025731356,7759.301167096848,26.0,26.0,0.0,0.0,0.0,0.0,0.0,0.0,0.0,0.8433761300394876,1.8919441385432407,0.2786534280088226,10439.0,0.0,0.0,0.0,0.0,6575414.0,0.0,April,2025-04
2025-04-06,84.0,1790.0425102035474,5510.741134194485,33.0,33.0,0.0,0.0,0.0,0.0,0.0,0.0,0.0,0.7396839279485506,1.8121124665221808,0.2544226951384902,7300.0,0.0,0.0,0.0,0.0,3844111.0,137100.0,April,2025-04
2025-04-07,31.0,1695.40337825169,2629.5129033572257,26.0,26.0,0.0,0.0,0.0,0.0,0.0,0.0,0.0,0.4911874914827642,1.4924679612307468,0.2665380615736564,3448.0,0.0,0.0,0.0,0.0,2201596.0,0.0,April,2025-04
2025-04-08,21.0,1642.2173237124891,1155.5026310705614,0.0,0.0,0.0,0.0,0.0,0.0,0.0,0.0,0.0,0.5742424465935696,1.3398300028882382,0.2544226951384902,1779.0,0.0,0.0,0.0,0.0,1095925.0,0.0,April,2025-04
2025-04-09,39.0,1682.863284774805,2564.5149573908507,9.0,9.0,0.0,0.0,0.0,0.0,0.0,0.0,0.0,0.6466774487391226,2.394969510790754,0.2523200797306684,3585.0,0.0,0.0,0.0,0.0,1282765.0,271951.0,April,2025-04
2025-04-10,1.0,1598.4550337466867,170.09974474973347,0.0,0.0,0.0,0.0,0.0,0.0,0.0,0.0,0.0,0.4279683452048659,0.6388962768544676,0.2544226951384902,340.0,0.0,0.0,0.0,0.0,186164.0,0.0,April,2025-04
2025-04-11,48.0,1729.5128312961772,4023.101262839206,38.0,38.0,0.0,0.0,0.0,0.0,0.0,0.0,0.0,1.321909134695896,1.6864721254366728,0.3634609870520174,5094.0,0.0,0.0,0.0,0.0,2908218.0,0.0,April,2025-04
2025-04-12,26.0,1636.6680491709217,1522.611717774609,7.0,7.0,0.0,0.0,0.0,0.0,0.0,0.0,0.0,0.416533045886015,1.5715729903164963,0.2665380615736564,2183.0,0.0,0.0,0.0,0.0,980565.0,0.0,April,2025-04
2025-04-13,0.0,1589.4999850988388,38.52686526382852,0.0,0.0,0.0,0.0,0.0,0.0,0.0,0.0,0.0,0.5654751171421287,0.767489276435868,0.3634609578483895,139.0,0.0,0.0,0.0,0.0,0.0,0.0,April,2025-04
2025-04-14,0.0,1589.4999850988388,39.25378724993849,0.0,0.0,0.0,0.0,0.0,0.0,0.0,0.0,0.0,0.3390328442523995,0.3634609578483895,0.3146047306564096,80.0,0.0,0.0,0.0,0.0,0.0,0.0,April,2025-04
2025-04-15,0.0,872.6828164018094,26.16919149995899,0.0,0.0,0.0,0.0,0.0,0.0,0.0,0.0,0.0,0.8672423592488038,0.957621527235042,0.7768631912625655,63.0,0.0,0.0,0.0,0.0,0.0,0.0,April,2025-04
2025-04-16,0.0,1589.4999850988388,0.0,0.0,0.0,0.0,0.0,0.0,0.0,0.0,0.0,0.0,0.0,0.0,0.0,0.0,0.0,0.0,0.0,0.0,0.0,0.0,April,2025-04
2025-04-17,0.0,1589.4999850988388,106.8575319581659,0.0,0.0,0.0,0.0,0.0,0.0,0.0,0.0,0.0,0.3287889966920162,0.7218267385437805,0.2786534280088226,262.0,0.0,0.0,0.0,0.0,0.0,0.0,April,2025-04
2025-04-18,0.0,1589.4999850988393,0.0,0.0,0.0,0.0,0.0,0.0,0.0,0.0,0.0,0.0,0.0,0.0,0.0,16.0,0.0,0.0,0.0,0.0,0.0,0.0,April,2025-04
2025-04-19,0.0,1589.499985098839,16.719205680529356,0.0,0.0,0.0,0.0,0.0,0.0,0.0,0.0,0.0,0.2786534280088226,0.2786534280088226,0.2786534280088226,35.0,0.0,0.0,0.0,0.0,0.0,0.0,April,2025-04
2025-04-20,1.0,1589.4999850988388,57.42683690268779,0.0,0.0,0.0,0.0,0.0,0.0,0.0,0.0,0.0,0.3634609971903644,0.3634609971903644,0.3634609971903644,120.0,0.0,0.0,0.0,0.0,0.0,0.0,April,2025-04
2025-04-21,0.0,1589.4999850988386,0.0,0.0,0.0,0.0,0.0,0.0,0.0,0.0,0.0,0.0,0.0,0.0,0.0,0.0,0.0,0.0,0.0,0.0,0.0,0.0,April,2025-04
2025-04-22,11.0,1618.962837860724,628.3865775420553,0.0,0.0,0.0,0.0,0.0,0.0,0.0,0.0,0.0,0.2880809937610004,1.3192516780134065,0.2489586598870639,995.0,0.0,0.0,0.0,0.0,612495.0,0.0,April,2025-04
2025-04-23,35.0,1689.6222623721662,2540.0882175895,2.0,2.0,0.0,0.0,0.0,0.0,0.0,0.0,0.0,0.7466618879846514,1.5508820279861115,0.2544226951384902,3554.0,0.0,0.0,0.0,0.0,2081414.0,0.0,April,2025-04
2025-04-24,6.0,1607.2085307850157,224.85262460379877,0.0,0.0,0.0,0.0,0.0,0.0,0.0,0.0,0.0,0.5804986519404203,1.2389489731491288,0.2907687944439888,409.0,0.0,0.0,0.0,0.0,368138.0,0.0,April,2025-04
2025-04-25,9.0,1600.9894851076256,525.3526780160553,2.0,2.0,0.0,0.0,0.0,0.0,0.0,0.0,0.0,0.3843920925921775,1.4714628833167929,0.2543497743757085,684.0,0.0,0.0,0.0,0.0,238852.0,0.0,April,2025-04
2025-04-26,13.0,1625.6699366718085,885.1711717313439,3.0,3.0,0.0,0.0,0.0,0.0,0.0,0.0,0.0,0.396233903406461,1.5355093491596794,0.2544226951384902,1148.0,0.0,0.0,0.0,0.0,751927.0,0.0,April,2025-04
2025-04-27,54.0,1723.8638904871823,3578.1085099339703,6.0,6.0,0.0,0.0,0.0,0.0,0.0,0.0,0.0,0.6024614497518043,1.48877100624947,0.2893295448498984,4856.0,0.0,0.0,0.0,0.0,2793255.0,0.0,April,2025-04
2025-04-28,0.0,1589.4999850988388,0.0,0.0,0.0,0.0,0.0,0.0,0.0,0.0,0.0,0.0,0.0,0.0,0.0,44.0,0.0,0.0,0.0,0.0,0.0,0.0,April,2025-04
2025-04-29,25.0,1657.7528641514211,1655.467200795008,1.0,1.0,0.0,0.0,0.0,0.0,0.0,0.0,0.0,0.5399249365182744,1.3371921091148085,0.3634609816615969,2222.0,0.0,0.0,0.0,0.0,1418890.0,0.0,April,2025-04
2025-04-30,1.0,1589.4999850988388,95.9537021665163,0.0,0.0,0.0,0.0,0.0,0.0,0.0,0.0,0.0,0.3623245572577173,0.7186013390265072,0.302884160879155,204.0,0.0,0.0,0.0,0.0,0.0,0.0,April,2025-04
2025-05-01,34.0,1692.258143942412,2437.7130183449103,17.0,17.0,0.0,0.0,0.0,0.0,0.0,0.0,0.0,0.4861455772151523,1.3986257928801478,0.2665380615736564,3338.0,0.0,0.0,0.0,0.0,2136210.0,0.0,May,2025-05
2025-05-02,2.0,1597.7954452813588,230.41300975460416,0.0,0.0,0.0,0.0,0.0,0.0,0.0,0.0,0.0,0.5539190388459383,1.3655493201417817,0.3149995273143212,530.0,0.0,0.0,0.0,0.0,172452.0,0.0,May,2025-05
2025-05-03,33.0,1675.762124519596,2089.339206118666,10.0,10.0,0.0,0.0,0.0,0.0,0.0,0.0,0.0,0.5734324006546874,1.7877204715399355,0.2544226951384902,2844.0,0.0,0.0,0.0,0.0,1793280.0,0.0,May,2025-05
2025-05-04,48.0,1706.404034693177,3049.719477996196,8.0,8.0,0.0,0.0,0.0,0.0,0.0,0.0,0.0,0.5141232846928144,1.4974345260666793,0.2786534280088226,4121.0,0.0,0.0,0.0,0.0,2430286.0,0.0,May,2025-05
2025-05-05,4.0,1589.499985098839,195.03946450591675,0.0,0.0,0.0,0.0,0.0,0.0,0.0,0.0,0.0,0.5286959057682574,1.2814943506828211,0.2544226951384902,392.0,0.0,0.0,0.0,0.0,0.0,0.0,May,2025-05
2025-05-06,39.0,1625.0288405510205,2289.97141962343,1.0,1.0,0.0,0.0,0.0,0.0,0.0,0.0,0.0,0.5280542638765049,1.4534397412063278,0.302884160879155,3229.0,0.0,0.0,0.0,0.0,738599.0,0.0,May,2025-05
2025-05-07,71.0,1757.028614531293,3702.0598127610674,22.0,22.0,0.0,0.0,0.0,0.0,0.0,0.0,0.0,0.4918562202717507,1.4124504838858332,0.2468604219555821,5112.0,0.0,0.0,0.0,683266.0,2749725.0,0.0,May,2025-05
2025-05-08,56.0,1695.6492807919867,3272.8679158614004,18.0,18.0,93.82978723404256,105.0,82.0,0.0,0.0,0.0,0.0,0.4254383258831936,1.9056378472056072,0.2445222745735348,3867.0,0.0,0.0,0.0,0.0,2206708.0,0.0,May,2025-05
2025-05-09,35.0,1674.943340426018,1858.0772686449343,0.0,0.0,0.0,0.0,0.0,0.0,0.0,0.0,0.0,0.5476965448263272,1.292299681188328,0.2544226951384902,2813.0,0.0,0.0,0.0,0.0,1776258.0,0.0,May,2025-05
2025-05-10,45.0,1642.3297407557477,2352.937578848303,1.0,1.0,0.0,0.0,0.0,0.0,0.0,0.0,0.0,0.5053668084074042,1.3712098841811924,0.2488001712327185,3453.0,0.0,0.0,0.0,0.0,1098264.0,0.0,May,2025-05
2025-05-11,46.0,1686.2353775053257,2684.7175562534017,0.0,0.0,94.53566121842496,123.0,54.0,0.0,0.0,0.0,0.0,0.4508383420639372,1.2395853308587628,0.2734019142750729,4344.0,0.0,0.0,0.0,0.0,2011005.0,0.0,May,2025-05
2025-05-12,8.0,1607.492146128625,401.1473234267868,0.0,0.0,0.0,0.0,0.0,0.0,0.0,0.0,0.0,0.525151151709855,1.008962068743434,0.2544226951384902,652.0,0.0,0.0,0.0,0.0,374034.0,0.0,May,2025-05
2025-05-13,73.0,1752.0269217821285,5487.025968273094,49.0,49.0,75.51086956521739,87.0,65.0,0.0,0.0,0.0,0.0,0.5370099300722964,1.8333819883037492,0.2665380615736564,7176.0,0.0,0.0,0.0,0.0,3378727.0,0.0,May,2025-05
2025-05-14,83.0,1785.089926415324,6362.74675853617,52.0,46.0,94.41921768707483,125.0,82.0,0.0,0.0,0.0,0.0,0.7549182533064498,2.211656656362277,0.2544226951384902,6943.0,0.0,0.0,0.0,0.0,3887502.0,0.0,May,2025-05
2025-05-15,84.0,1784.54376353424,6004.3393087518525,44.0,44.0,94.36607142857144,114.0,63.0,0.0,0.0,0.0,0.0,0.5243911466967928,1.795598130224984,0.2544226951384902,6847.0,0.0,0.0,0.0,0.0,4054712.0,0.0,May,2025-05
2025-05-16,117.0,1837.5830188256543,8173.259084571758,76.0,76.0,89.85505124450951,135.0,81.0,0.0,0.0,0.0,0.0,0.5734025982087063,1.741377729879567,0.249160286774271,10128.0,0.0,0.0,0.0,0.0,5157124.0,0.0,May,2025-05
2025-05-17,113.0,1805.74012424926,7803.010010217898,58.0,58.0,116.39107142857142,137.0,72.0,0.0,0.0,0.0,0.0,0.6348932092103253,1.8823124386622565,0.2786534280088226,8787.0,0.0,0.0,0.0,0.0,4474444.0,0.0,May,2025-05
2025-05-18,127.0,1839.8876550672792,7912.039290242963,58.0,57.0,96.88214285714284,131.0,71.0,0.0,0.0,0.0,0.0,0.7875486509191426,2.0504359190587165,0.2540070546582648,11310.0,0.0,0.0,0.0,0.0,5000880.0,0.0,May,2025-05
2025-05-19,68.0,1769.7450610859023,6566.587304731307,73.0,50.0,96.36443468715696,109.0,85.0,0.0,0.0,0.0,0.0,0.5586958693007653,2.3830798798781454,0.302884160879155,6895.0,0.0,0.0,0.0,0.0,3068835.0,0.0,May,2025-05
2025-05-20,54.0,1737.0821853366244,5075.159647969183,47.0,47.0,0.0,0.0,0.0,34.00583267211914,74.76602935791016,34.00583267211914,74.76602935791016,0.4388085590485831,1.9497684450374877,0.2544226951384902,6296.0,0.0,0.0,0.0,0.0,3007529.0,0.0,May,2025-05
2025-05-21,51.0,1732.1190584666629,4675.932562269001,46.0,46.0,118.53191489361704,134.0,79.0,0.0,0.0,0.0,0.0,0.5759927844000665,1.7086556298489877,0.3634609578483895,5905.0,0.0,0.0,0.0,0.0,2964868.0,0.0,May,2025-05
2025-05-22,57.0,1738.7589491603749,5262.564143352007,48.0,48.0,93.0,97.0,89.0,0.0,0.0,0.0,0.0,0.4684163119956529,2.038798766578886,0.2544226951384902,6531.0,0.0,0.0,0.0,0.0,2934886.0,0.0,May,2025-05
2025-05-23,68.0,1749.8393099986883,5402.783086136896,47.0,47.0,0.0,0.0,0.0,0.0,0.0,0.0,0.0,0.6042116512941136,2.1911845821085008,0.2786534280088226,6738.0,0.0,0.0,0.0,0.0,3122385.0,0.0,May,2025-05
2025-05-24,124.0,1924.9662988800624,8785.039886546534,56.0,56.0,0.0,0.0,0.0,0.0,0.0,0.0,0.0,0.5423090055401807,1.9804358406073388,0.2544226951384902,11259.0,0.0,0.0,0.0,0.0,4014176.0,1238915.0,May,2025-05
2025-05-25,70.0,1749.7775197174217,5866.3378933392105,50.0,48.0,0.0,0.0,0.0,0.0,0.0,0.0,0.0,0.6407951402676301,2.106618204147608,0.2547576377738905,7367.0,0.0,0.0,0.0,0.0,3276113.0,0.0,May,2025-05
2025-05-26,65.0,1776.667196947355,5740.261519202238,53.0,53.0,0.0,0.0,0.0,0.0,0.0,0.0,0.0,0.452845524579252,1.67475823992728,0.2544226951384902,7265.0,0.0,0.0,0.0,0.0,3802847.0,0.0,May,2025-05
2025-05-27,68.0,1783.786784663334,5917.365505580636,52.0,52.0,0.0,0.0,0.0,0.0,0.0,0.0,0.0,0.4828393162457745,1.8934983906383749,0.2636022693759236,7594.0,0.0,0.0,0.0,0.0,3943100.0,0.0,May,2025-05
2025-05-28,111.0,1820.06259980011,8134.26406282433,56.0,56.0,0.0,0.0,0.0,0.0,0.0,0.0,0.0,0.5022167984220063,1.9023282365163128,0.2544226951384902,10120.0,0.0,0.0,0.0,0.0,4594879.0,0.0,May,2025-05
2025-05-29,89.0,1814.70257139919,6530.854957964483,47.0,45.0,0.0,0.0,0.0,0.0,0.0,0.0,0.0,0.4722576766123404,2.166108002594304,0.2544226951384902,8361.0,0.0,0.0,0.0,0.0,4508543.0,0.0,May,2025-05
2025-05-30,56.0,1737.4229478479876,4931.081732413873,43.0,38.0,0.0,0.0,0.0,0.0,0.0,0.0,0.0,0.509336861125135,2.537510432571316,0.250374959614228,5937.0,0.0,0.0,0.0,0.0,2800216.0,0.0,May,2025-05
2025-05-31,149.0,1955.6770325376172,11921.900284980076,79.0,79.0,0.0,0.0,0.0,0.0,0.0,0.0,0.0,0.6531912872315971,2.009084008067643,0.2544226951384902,15070.0,0.0,0.0,0.0,0.0,7055727.0,0.0,May,2025-05
2025-06-01,126.0,1895.3488116611315,10513.405663756534,82.0,82.0,0.0,0.0,0.0,0.0,0.0,0.0,0.0,0.5506594391801536,1.8611804516113608,0.2544226951384902,13007.0,0.0,0.0,0.0,0.0,5964136.0,0.0,June,2025-06
2025-06-02,57.0,1716.264354660975,4368.270156557978,38.0,38.0,0.0,0.0,0.0,0.0,0.0,0.0,0.0,0.4599091403645922,1.9121302927362915,0.2544226951384902,5722.0,0.0,0.0,0.0,0.0,2635269.0,0.0,June,2025-06
2025-06-03,120.0,1924.417256415084,9814.122114644528,81.0,79.0,0.0,0.0,0.0,0.0,0.0,0.0,0.0,0.6863712301241975,2.6446246259923507,0.2665380615736564,12352.0,0.0,0.0,0.0,0.0,6247460.0,171391.0,June,2025-06
2025-06-04,89.0,1790.4603867063124,6652.209998721936,53.0,53.0,0.0,0.0,0.0,0.0,0.0,0.0,0.0,0.4725102942256188,1.7019033760436657,0.2907687944439888,8542.0,0.0,0.0,0.0,0.0,4177711.0,0.0,June,2025-06
2025-06-05,97.0,1845.9328566161132,7377.52667074851,58.0,57.0,0.0,0.0,0.0,0.0,0.0,0.0,0.0,0.5053247085330799,1.9843353747571244,0.2544226951384902,9335.0,0.0,0.0,0.0,0.0,5089070.0,0.0,June,2025-06
2025-06-06,133.0,1979.329996004544,10158.58790162103,76.0,75.0,0.0,0.0,0.0,0.0,0.0,0.0,0.0,0.6968616227884761,1.9464674085254712,0.2544226951384902,12984.0,0.0,0.0,0.0,0.0,7790989.0,133448.0,June,2025-06
2025-06-07,175.0,1875.0216296867711,10513.29359408395,53.0,53.0,0.0,0.0,0.0,0.0,0.0,0.0,0.0,0.6277221807486548,1.8297924242561168,0.2544226951384902,13753.0,0.0,0.0,0.0,0.0,5223924.0,237549.0,June,2025-06
2025-06-08,43.0,1662.4740869709128,2764.958018752212,10.0,10.0,0.0,0.0,0.0,0.0,0.0,0.0,0.0,0.5681040792164088,1.589090417644071,0.2907687944439888,3656.0,0.0,0.0,0.0,0.0,1517039.0,0.0,June,2025-06
2025-06-09,116.0,1971.3315936628044,11822.922464095373,146.0,103.0,0.0,0.0,0.0,0.0,0.0,0.0,0.0,0.7978446491939754,2.442585026223993,0.2473145869751674,13862.0,0.0,0.0,0.0,0.0,6869991.0,0.0,June,2025-06
2025-06-10,69.0,1775.984631073837,6173.771330169446,55.0,55.0,0.0,0.0,0.0,0.0,0.0,0.0,0.0,0.5916213168108525,2.027277920160179,0.2786534280088226,7589.0,0.0,0.0,0.0,0.0,3643208.0,0.0,June,2025-06
2025-06-11,67.0,1774.3642479484404,5787.496746248311,51.0,51.0,0.0,0.0,0.0,0.0,0.0,0.0,0.0,0.5147988539474028,1.8240386577961067,0.2786534280088226,7120.0,0.0,0.0,0.0,0.0,3722969.0,0.0,June,2025-06
2025-06-12,62.0,1773.0012122557978,5740.145387271952,52.0,51.0,0.0,0.0,0.0,0.0,0.0,0.0,0.0,0.6013072261762672,2.076722720971321,0.2786534280088226,7110.0,0.0,0.0,0.0,0.0,3597674.0,0.0,June,2025-06
2025-06-13,114.0,1900.17648360214,8120.239109312052,55.0,52.0,0.0,0.0,0.0,0.0,0.0,0.0,0.0,0.6762141567469692,2.171254218367359,0.2665380615736564,10500.0,0.0,0.0,0.0,0.0,5369820.0,444500.0,June,2025-06
2025-06-14,130.0,1840.16191445044,8476.23904730757,66.0,66.0,0.0,0.0,0.0,0.0,0.0,0.0,0.0,0.6413985309222574,1.5917916594927972,0.3195899944144503,11031.0,0.0,0.0,0.0,0.0,5210941.0,0.0,June,2025-06
2025-06-15,72.0,1782.1644623331665,5874.91038693221,50.0,50.0,0.0,0.0,0.0,0.0,0.0,0.0,0.0,0.5520314369238656,1.709457559734764,0.2544226951384902,7896.0,0.0,0.0,0.0,0.0,4005249.0,0.0,June,2025-06
2025-06-16,78.0,1822.9085840851408,6593.854051700437,63.0,63.0,0.0,0.0,0.0,0.0,0.0,0.0,0.0,0.5368393123519746,1.8861809652064645,0.2665380615736564,8392.0,0.0,0.0,0.0,0.0,4852266.0,0.0,June,2025-06
2025-06-17,85.0,1812.8978722743632,6818.169545868424,64.0,64.0,0.0,0.0,0.0,0.0,0.0,0.0,0.0,0.4899156500266843,1.6907701067801608,0.2665380615736564,8619.0,0.0,0.0,0.0,0.0,4644156.0,0.0,June,2025-06
2025-06-18,9.0,1602.5598078505243,682.5797449572636,0.0,0.0,0.0,0.0,0.0,0.0,0.0,0.0,0.0,0.3598804106632969,0.9815231400011896,0.2665380615736564,1036.0,0.0,0.0,0.0,0.0,271497.0,0.0,June,2025-06
2025-06-19,47.0,1696.8101032459354,3590.7407647541995,33.0,33.0,0.0,0.0,0.0,0.0,0.0,0.0,0.0,0.69178847430776,1.8718767915186112,0.2786534280088226,4511.0,0.0,0.0,0.0,0.0,2230841.0,0.0,June,2025-06
2025-06-20,55.0,1722.9612150449757,4440.092455822251,42.0,42.0,0.0,0.0,0.0,0.0,0.0,0.0,0.0,1.0837502047815937,1.6897725478108894,0.2544226951384902,5528.0,0.0,0.0,0.0,0.0,2703652.0,0.0,June,2025-06
2025-06-21,84.0,1823.819823244923,6734.7774537266105,61.0,61.0,0.0,0.0,0.0,0.0,0.0,0.0,0.0,0.5683021095838532,1.612246955056303,0.2479766282111475,8649.0,0.0,0.0,0.0,0.0,4871211.0,0.0,June,2025-06
2025-06-22,7.0,1599.2647998074603,406.0841114149269,2.0,2.0,0.0,0.0,0.0,0.0,0.0,0.0,0.0,1.0177181834565434,1.7924034804936158,0.2665380615736564,595.0,0.0,0.0,0.0,0.0,202998.0,0.0,June,2025-06
2025-06-23,47.0,1719.8466507468847,4400.641973532146,45.0,39.0,0.0,0.0,0.0,0.0,0.0,0.0,0.0,0.8327627538667264,2.2738192731299454,0.2665380615736564,5227.0,0.0,0.0,0.0,0.0,2408138.0,0.0,June,2025-06
2025-06-24,49.0,1729.0150970994318,4712.392542645281,45.0,40.0,0.0,0.0,0.0,0.0,0.0,0.0,0.0,0.4303565847672861,2.08489837772145,0.2832119457702891,5732.0,0.0,0.0,0.0,0.0,2699129.0,0.0,June,2025-06
2025-06-25,71.0,1801.4360197464598,6306.962824378212,64.0,60.0,0.0,0.0,0.0,0.0,0.0,0.0,0.0,0.5386629685654074,2.159035797229897,0.3634609664704125,7674.0,0.0,0.0,0.0,0.0,4243721.0,0.0,June,2025-06
2025-06-26,40.0,1666.7479805912828,1945.463636215431,4.0,4.0,0.0,0.0,0.0,0.0,0.0,0.0,0.0,0.5772147337391286,1.7410701121783618,0.3033437816837211,2627.0,0.0,0.0,0.0,0.0,1605887.0,0.0,June,2025-06
2025-06-27,8.0,1610.490565166542,600.4234650585292,1.0,1.0,0.0,0.0,0.0,0.0,0.0,0.0,0.0,0.52105745487213,1.7491610696959503,0.2494632628973917,728.0,0.0,0.0,0.0,0.0,90993.0,147214.0,June,2025-06
2025-06-28,8.0,1604.7846616368704,597.1484331663127,4.0,4.0,0.0,0.0,0.0,0.0,0.0,0.0,0.0,0.7455992706292287,1.6844973554910216,0.3634609741760856,729.0,0.0,0.0,0.0,0.0,317749.0,0.0,June,2025-06
2025-06-29,9.0,1604.419518298164,746.5268910364508,4.0,4.0,0.0,0.0,0.0,0.0,0.0,0.0,0.0,0.4742542257604314,1.5925451257953671,0.2544226951384902,1063.0,0.0,0.0,0.0,0.0,310158.0,0.0,June,2025-06
2025-06-30,52.0,1702.0087715849572,3052.0386375227167,10.0,10.0,0.0,0.0,0.0,0.0,0.0,0.0,0.0,0.6258203163066225,1.7442072904724173,0.2786534280088226,4221.0,0.0,0.0,0.0,0.0,2338914.0,0.0,June,2025-06
2025-07-01,4.0,1589.4999850988386,212.9881419302218,0.0,0.0,0.0,0.0,0.0,0.0,0.0,0.0,0.0,0.4954085679659382,0.8002543735911922,0.2544226951384902,368.0,0.0,0.0,0.0,0.0,0.0,0.0,July,2025-07
2025-07-02,64.0,1726.0793607251,4924.267937714408,46.0,46.0,0.0,0.0,0.0,0.0,0.0,0.0,0.0,0.470904741590515,1.733282377913025,0.3392302601846536,6249.0,0.0,0.0,0.0,0.0,2839311.0,0.0,July,2025-07
2025-07-03,35.0,1676.6830165192937,2335.058298754272,15.0,15.0,0.0,0.0,0.0,0.0,0.0,0.0,0.0,0.5361231360840902,1.7625994974324777,0.2708353112765068,2985.0,0.0,0.0,0.0,0.0,1168085.0,274646.0,July,2025-07
2025-07-04,45.0,1712.1762468229297,2992.7084063613424,15.0,15.0,0.0,0.0,0.0,0.0,0.0,0.0,0.0,0.5342181151481221,1.798712404062493,0.3634609697934839,3942.0,0.0,0.0,0.0,0.0,2550282.0,0.0,July,2025-07
2025-07-05,28.0,1676.165746371188,1583.8200257858853,4.0,4.0,0.0,0.0,0.0,0.0,0.0,0.0,0.0,0.926893852655741,1.8416383197397768,0.2665380615736564,2109.0,0.0,0.0,0.0,0.0,1801671.0,0.0,July,2025-07
2025-07-06,17.0,1632.7622282148563,951.5145771095316,6.0,6.0,0.0,0.0,0.0,0.0,0.0,0.0,0.0,0.4891838621724149,1.4647116985216373,0.2544226951384902,1301.0,0.0,0.0,0.0,0.0,899366.0,0.0,July,2025-07
2025-07-07,128.0,1950.4230515354477,8855.826502789558,30.0,30.0,0.0,0.0,0.0,0.0,0.0,0.0,0.0,1.0195949172013807,1.6205823032003968,0.302884160879155,11524.0,0.0,0.0,0.0,0.0,7502618.0,0.0,July,2025-07
2025-07-08,41.0,1616.1700211386683,2598.551218082215,8.0,8.0,0.0,0.0,0.0,0.0,0.0,0.0,0.0,0.6333743988192195,1.6087793379982074,0.2531065418649258,3396.0,0.0,0.0,0.0,0.0,1763594.0,0.0,July,2025-07
